{
    "name": "root",
    "metadata": {
        "timer_format_version": "0.1.0",
        "start_time_seconds": "1649684436",
        "python_version": "3.7.11 (default, Jul 27 2021, 14:32:16) \n[GCC 7.5.0]",
        "command_line_arguments": "/home/danimp94/miniconda3/envs/unity-rl/bin/mlagents-learn config/duaro-test-ppo.yaml --run-id=test82",
        "mlagents_version": "0.28.0",
        "mlagents_envs_version": "0.28.0",
        "communication_protocol_version": "1.5.0",
        "pytorch_version": "1.8.1+cu102",
        "numpy_version": "1.20.3",
        "end_time_seconds": "1649684549"
    },
    "total": 113.35246039500271,
    "count": 1,
    "self": 0.004132199999730801,
    "children": {
        "run_training.setup": {
            "total": 0.0384854930016445,
            "count": 1,
            "self": 0.0384854930016445
        },
        "TrainerController.start_learning": {
            "total": 113.30984270200133,
            "count": 1,
            "self": 0.03222594504040899,
            "children": {
                "TrainerController._reset_env": {
                    "total": 9.391618511999695,
                    "count": 1,
                    "self": 9.391618511999695
                },
                "TrainerController.advance": {
                    "total": 103.81851235196154,
                    "count": 1584,
                    "self": 0.03456762295172666,
                    "children": {
                        "env_step": {
                            "total": 88.05363080401003,
                            "count": 1584,
                            "self": 86.3472465919549,
                            "children": {
                                "SubprocessEnvManager._take_step": {
                                    "total": 1.6865777449929737,
                                    "count": 1584,
                                    "self": 0.1119727190125559,
                                    "children": {
                                        "TorchPolicy.evaluate": {
                                            "total": 1.5746050259804178,
                                            "count": 1561,
                                            "self": 0.4813824689736066,
                                            "children": {
                                                "TorchPolicy.sample_actions": {
                                                    "total": 1.0932225570068113,
                                                    "count": 1561,
                                                    "self": 1.0932225570068113
                                                }
                                            }
                                        }
                                    }
                                },
                                "workers": {
                                    "total": 0.019806467062153388,
                                    "count": 1583,
                                    "self": 0.0,
                                    "children": {
                                        "worker_root": {
                                            "total": 92.38067845600744,
                                            "count": 1583,
                                            "is_parallel": true,
                                            "self": 26.039484347886173,
                                            "children": {
                                                "run_training.setup": {
                                                    "total": 0.0,
                                                    "count": 0,
                                                    "is_parallel": true,
                                                    "self": 0.0,
                                                    "children": {
                                                        "steps_from_proto": {
                                                            "total": 0.0007852880007703789,
                                                            "count": 1,
                                                            "is_parallel": true,
                                                            "self": 0.000340683003742015,
                                                            "children": {
                                                                "_process_rank_one_or_two_observation": {
                                                                    "total": 0.00044460499702836387,
                                                                    "count": 2,
                                                                    "is_parallel": true,
                                                                    "self": 0.00044460499702836387
                                                                }
                                                            }
                                                        },
                                                        "UnityEnvironment.step": {
                                                            "total": 0.04754955200041877,
                                                            "count": 1,
                                                            "is_parallel": true,
                                                            "self": 0.00013667700113728642,
                                                            "children": {
                                                                "UnityEnvironment._generate_step_input": {
                                                                    "total": 0.00021301399829098955,
                                                                    "count": 1,
                                                                    "is_parallel": true,
                                                                    "self": 0.00021301399829098955
                                                                },
                                                                "communicator.exchange": {
                                                                    "total": 0.04687614999784273,
                                                                    "count": 1,
                                                                    "is_parallel": true,
                                                                    "self": 0.04687614999784273
                                                                },
                                                                "steps_from_proto": {
                                                                    "total": 0.00032371100314776413,
                                                                    "count": 1,
                                                                    "is_parallel": true,
                                                                    "self": 0.00016286900063278154,
                                                                    "children": {
                                                                        "_process_rank_one_or_two_observation": {
                                                                            "total": 0.0001608420025149826,
                                                                            "count": 2,
                                                                            "is_parallel": true,