{
    "name": "root",
    "gauges": {
        "DuaroAgent.Policy.Entropy.mean": {
            "value": 1.4165892601013184,
            "min": 1.4165892601013184,
            "max": 1.4165892601013184,
            "count": 1
        },
        "DuaroAgent.Policy.Entropy.sum": {
            "value": 14165.892578125,
            "min": 14165.892578125,
            "max": 14165.892578125,
            "count": 1
        },
        "DuaroAgent.Environment.EpisodeLength.mean": {
            "value": 0.0019036168720569081,
            "min": 0.0019036168720569081,
            "max": 0.0019036168720569081,
            "count": 1
        },
        "DuaroAgent.Environment.EpisodeLength.sum": {
            "value": 19.0,
            "min": 19.0,
            "max": 19.0,
            "count": 1
        },
        "DuaroAgent.Step.mean": {
            "value": 9999.0,
            "min": 9999.0,
            "max": 9999.0,
            "count": 1
        },
        "DuaroAgent.Step.sum": {
            "value": 9999.0,
            "min": 9999.0,
            "max": 9999.0,
            "count": 1
        },
        "DuaroAgent.Policy.ExtrinsicValueEstimate.mean": {
            "value": 0.03625345975160599,
            "min": 0.03625345975160599,
            "max": 0.03625345975160599,
            "count": 1
        },
        "DuaroAgent.Policy.ExtrinsicValueEstimate.sum": {
            "value": 361.8095397949219,
            "min": 361.8095397949219,
            "max": 361.8095397949219,
            "count": 1
        },
        "DuaroAgent.Environment.CumulativeReward.mean": {
            "value": -0.043687374749499,
            "min": -0.043687374749499,
            "max": -0.043687374749499,
            "count": 1
        },
        "DuaroAgent.Environment.CumulativeReward.sum": {
            "value": -436.0,
            "min": -436.0,
            "max": -436.0,
            "count": 1
        },
        "DuaroAgent.Policy.ExtrinsicReward.mean": {
            "value": -0.043687374749499,
            "min": -0.043687374749499,
            "max": -0.043687374749499,
            "count": 1
        },
        "DuaroAgent.Policy.ExtrinsicReward.sum": {
            "value": -436.0,
            "min": -436.0,
            "max": -436.0,
            "count": 1
        },
        "DuaroAgent.Losses.PolicyLoss.mean": {
            "value": 0.24845671744685172,
            "min": 0.24845671744685172,
            "max": 0.24845671744685172,
            "count": 1
        },
        "DuaroAgent.Losses.PolicyLoss.sum": {
            "value": 2.2361104570216654,
            "min": 2.2361104570216654,
            "max": 2.2361104570216654,
            "count": 1
        },
        "DuaroAgent.Losses.ValueLoss.mean": {
            "value": 0.12513174233692415,
            "min": 0.12513174233692415,
            "max": 0.12513174233692415,
            "count": 1
        },
        "DuaroAgent.Losses.ValueLoss.sum": {
            "value": 1.1261856810323174,
            "min": 1.1261856810323174,
            "max": 1.1261856810323174,
            "count": 1
        },
        "DuaroAgent.Policy.LearningRate.mean": {
            "value": 0.00029699700100099997,
            "min": 0.00029699700100099997,
            "max": 0.00029699700100099997,
            "count": 1
        },
        "DuaroAgent.Policy.LearningRate.sum": {
            "value": 0.0026729730090089996,
            "min": 0.0026729730090089996,
            "max": 0.0026729730090089996,
            "count": 1
        },
        "DuaroAgent.Policy.Epsilon.mean": {
            "value": 0.19899900000000004,
            "min": 0.19899900000000004,
            "max": 0.19899900000000004,
            "count": 1
        },
        "DuaroAgent.Policy.Epsilon.sum": {
            "value": 1.7909910000000002,
            "min": 1.7909910000000002,
            "max": 1.7909910000000002,
            "count": 1
        },
        "DuaroAgent.Policy.Beta.mean": {
            "value": 0.0005000000000000001,
            "min": 0.0005000000000000001,
            "max": 0.0005000000000000001,
            "count": 1
        },
        "DuaroAgent.Policy.Beta.sum": {
            "value": 0.004500000000000001,
            "min": 0.004500000000000001,
            "max": 0.004500000000000001,
            "count": 1
        },
        "DuaroAgent.IsTraining.mean": {
            "value": 1.0,
            "min": 1.0,
            "max": 1.0,
            "count": 1
        },
        "DuaroAgent.IsTraining.sum": {
            "value": 1.0,
            "min": 1.0,
            "max": 1.0,
            "count": 1
        }
    },
    "metadata": {
        "timer_format_version": "0.1.0",
        "start_time_seconds": "1649683682",
        "python_version": "3.7.11 (default, Jul 27 2021, 14:32:16) \n[GCC 7.5.0]",
        "command_line_arguments": "/home/danimp94/miniconda3/envs/unity-rl/bin/mlagents-learn config/duaro-test-ppo.yaml --run-id=test81",
        "mlagents_version": "0.28.0",
        "mlagents_envs_version": "0.28.0",
        "communication_protocol_version": "1.5.0",
        "pytorch_version": "1.8.1+cu102",
        "numpy_version": "1.20.3",
        "end_time_seconds": "1649684082"
    },
    "total": 400.10630043199853,
    "count": 1,
    "self": 0.0038422860015998594,
    "children": {
        "run_training.setup": {
            "total": 0.029194413000368513,
            "count": 1,
            "self": 0.029194413000368513
        },
        "TrainerController.start_learning": {
            "total": 400.07326373299657,
            "count": 1,
            "self": 0.4727854991069762,
            "children": {
                "TrainerController._reset_env": {
                    "total": 6.605376421997789,
                    "count": 1,
                    "self": 6.605376421997789
                },
                "TrainerController.advance": {
                    "total": 392.92773262189075,
                    "count": 20692,
                    "self": 0.46137998842823436,
                    "children": {
                        "env_step": {
                            "total": 352.2993716602032,
                            "count": 20692,
                            "self": 340.7629482631819,
                            "children": {
                                "SubprocessEnvManager._take_step": {
                                    "total": 11.274116978962411,
                                    "count": 20692,
                                    "self": 0.8420109489743481,
                                    "children": {
                                        "TorchPolicy.evaluate": {
                                            "total": 10.432106029988063,
                                            "count": 10356,
                                            "self": 3.271190201085119,
                                            "children": {
                                                "TorchPolicy.sample_actions": {
                                                    "total": 7.160915828902944,
                                                    "count": 10356,
                                                    "self": 7.160915828902944
                                                }
                                            }
                                        }
                                    }
                                },
                                "workers": {
                                    "total": 0.2623064180588699,
                                    "count": 20691,
                                    "self": 0.0,
                                    "children": {
                                        "worker_root": {
                                            "total": 339.05374627481433,
                                            "count": 20691,
                                            "is_parallel": true,
                                            "self": 77.70614389269758,