{
    "name": "root",
    "metadata": {
        "timer_format_version": "0.1.0",
        "start_time_seconds": "1649684553",
        "python_version": "3.7.11 (default, Jul 27 2021, 14:32:16) \n[GCC 7.5.0]",
        "command_line_arguments": "/home/danimp94/miniconda3/envs/unity-rl/bin/mlagents-learn config/duaro-test-ppo.yaml --run-id=test83",
        "mlagents_version": "0.28.0",
        "mlagents_envs_version": "0.28.0",
        "communication_protocol_version": "1.5.0",
        "pytorch_version": "1.8.1+cu102",
        "numpy_version": "1.20.3",
        "end_time_seconds": "1649684613"
    },
    "total": 60.339055209002254,
    "count": 1,
    "self": 0.0037284560021362267,
    "children": {
        "run_training.setup": {
            "total": 0.036502011000266066,
            "count": 1,
            "self": 0.036502011000266066
        },
        "TrainerController.start_learning": {
            "total": 60.29882474199985,
            "count": 1,
            "self": 0.021132306876097573,
            "children": {
                "TrainerController._reset_env": {
                    "total": 6.403859953999927,
                    "count": 1,
                    "self": 6.403859953999927
                },
                "TrainerController.advance": {
                    "total": 53.79475589112553,
                    "count": 1053,
                    "self": 0.022015066137100803,
                    "children": {
                        "env_step": {
                            "total": 53.60285977503736,
                            "count": 1053,
                            "self": 52.51982775410579,
                            "children": {
                                "SubprocessEnvManager._take_step": {
                                    "total": 1.0705369359711767,
                                    "count": 1053,
                                    "self": 0.07088764490981703,
                                    "children": {
                                        "TorchPolicy.evaluate": {
                                            "total": 0.9996492910613597,
                                            "count": 1001,
                                            "self": 0.3089041200655629,
                                            "children": {
                                                "TorchPolicy.sample_actions": {
                                                    "total": 0.6907451709957968,
                                                    "count": 1001,
                                                    "self": 0.6907451709957968
                                                }
                                            }
                                        }
                                    }
                                },
                                "workers": {
                                    "total": 0.012495084960391978,
                                    "count": 1052,
                                    "self": 0.0,
                                    "children": {
                                        "worker_root": {
                                            "total": 29.082524388079037,
                                            "count": 1052,
                                            "is_parallel": true,
                                            "self": 8.77290112206174,
                                            "children": {
                                                "run_training.setup": {
                                                    "total": 0.0,
                                                    "count": 0,
                                                    "is_parallel": true,
                                                    "self": 0.0,
                                                    "children": {
                                                        "steps_from_proto": {
                                                            "total": 0.0006896080012666062,
                                                            "count": 1,
                                                            "is_parallel": true,
                                                            "self": 0.0002971030044136569,
                                                            "children": {
                                                                "_process_rank_one_or_two_observation": {
                                                                    "total": 0.00039250499685294926,
                                                                    "count": 2,
                                                                    "is_parallel": true,
                                                                    "self": 0.00039250499685294926
                                                                }
                                                            }
                                                        },
                                                        "UnityEnvironment.step": {
                                                            "total": 0.04947473599895602,
                                                            "count": 1,
                                                            "is_parallel": true,
                                                            "self": 0.00012599199544638395,
                                                            "children": {
                                                                "UnityEnvironment._generate_step_input": {
                                                                    "total": 0.0001448500006517861,
                                                                    "count": 1,
                                                                    "is_parallel": true,
                                                                    "self": 0.0001448500006517861
                                                                },
                                                                "communicator.exchange": {
                                                                    "total": 0.048889191002672305,
                                                                    "count": 1,
                                                                    "is_parallel": true,
                                                                    "self": 0.048889191002672305
                                                                },
                                                                "steps_from_proto": {
                                                                    "total": 0.00031470300018554553,
                                                                    "count": 1,
                                                                    "is_parallel": true,
                                                                    "self": 0.00016663999849697575,
                                                                    "children": {
                                                                        "_process_rank_one_or_two_observation": {
                                                                            "total": 0.00014806300168856978,
                                                                            "count": 2,
                                                                            "is_parallel": true,