{"count":1,"self":9.2831967999999989,"total":12.556612999999999,"children":{"InitializeActuators":{"count":1,"self":0.002159,"total":0.002159,"children":null},"InitializeSensors":{"count":1,"self":0.002316,"total":0.002316,"children":null},"AgentSendState":{"count":12084,"self":0.038856,"total":0.06238,"children":{"CollectObservations":{"count":67,"self":0.00057699999999999993,"total":0.00057699999999999993,"children":null},"WriteActionMask":{"count":67,"self":0.010572999999999999,"total":0.010572999999999999,"children":null},"RequestDecision":{"count":67,"self":0.0033049999999999998,"total":0.012374,"children":{"AgentInfo.ToProto":{"count":67,"self":0.0019249999999999998,"total":0.0090689999999999989,"children":{"GenerateSensorData":{"count":67,"self":0.0071439999999999993,"total":0.0071439999999999993,"children":null}}}}}}},"DecideAction":{"count":12084,"self":2.6520569999999997,"total":2.6520569999999997,"children":null},"AgentAct":{"count":12084,"self":0.551925,"total":0.551925,"children":null},"AgentInfo.ToProto":{"count":31,"self":0.000392,"total":0.0013959999999999999,"children":{"GenerateSensorData":{"count":31,"self":0.001004,"total":0.001004,"children":null}}}},"gauges":{"DuaroAgentComplex.CumulativeReward":{"count":31,"max":0,"min":-7,"runningAverage":-2.48387122,"value":-3,"weightedAverage":-2.80764437}},"metadata":{"timer_format_version":"0.1.0","start_time_seconds":"1651585858","unity_version":"2020.3.29f1","command_line_arguments":"\/home\/danimp94\/P8_duaro\/Unity_env\/exe-env\/env1\/env_1.x86_64 -nographics -batchmode --mlagents-port 5005 -logFile \/home\/danimp94\/P8_duaro\/Unity_env\/results\/env1.4\/run_logs\/Player-0.log","communication_protocol_version":"1.5.0","com.unity.ml-agents_version":"2.0.1","scene_name":"ComplexScene","end_time_seconds":"1651585870"}}