{"cameraMode":{"drawMode":0,"name":"Shaded","section":"Shading Mode"},"sceneLighting":true,"audioPlay":false,"sceneViewState":{"m_AlwaysRefresh":false,"showFog":true,"showSkybox":true,"showFlares":true,"showImageEffects":true,"showParticleSystems":true,"showVisualEffectGraphs":true,"m_FxEnabled":true},"in2DMode":false,"pivot":{"x":0.3537195920944214,"y":0.7066444158554077,"z":0.0524546355009079},"rotation":{"x":0.2754582464694977,"y":-0.6562574505805969,"z":0.2765224874019623,"w":0.6463176608085632},"size":0.8301050066947937,"orthographic":false}