{"cameraMode":{"drawMode":0,"name":"Shaded","section":"Shading Mode"},"sceneLighting":true,"audioPlay":false,"sceneViewState":{"m_AlwaysRefresh":false,"showFog":true,"showSkybox":true,"showFlares":true,"showImageEffects":true,"showParticleSystems":true,"showVisualEffectGraphs":true,"m_FxEnabled":true},"in2DMode":false,"pivot":{"x":0.4035909175872803,"y":0.5499287843704224,"z":-0.05521434545516968},"rotation":{"x":-0.10014590620994568,"y":0.9011510014533997,"z":-0.2915099561214447,"w":-0.30606356263160708},"size":0.9434552192687988,"orthographic":false}