{"cameraMode":{"drawMode":0,"name":"Shaded","section":"Shading Mode"},"sceneLighting":true,"audioPlay":false,"sceneViewState":{"m_AlwaysRefresh":false,"showFog":true,"showSkybox":true,"showFlares":true,"showImageEffects":true,"showParticleSystems":true,"showVisualEffectGraphs":true,"m_FxEnabled":true},"in2DMode":false,"pivot":{"x":0.15481603145599366,"y":1.1658401489257813,"z":-0.3904299736022949},"rotation":{"x":0.09792372584342957,"y":-0.8802486062049866,"z":0.20732086896896363,"w":0.4157853126525879},"size":1.5381885766983033,"orthographic":false}