{"count":1,"self":288.4332032,"total":289.88768799999997,"children":{"InitializeActuators":{"count":1,"self":0.0018809999999999999,"total":0.0018809999999999999,"children":null},"InitializeSensors":{"count":1,"self":0.0013319999999999999,"total":0.0013319999999999999,"children":null},"AgentSendState":{"count":14453,"self":0.149646,"total":0.168616,"children":{"CollectObservations":{"count":1446,"self":0.0063289999999999996,"total":0.0063289999999999996,"children":null},"WriteActionMask":{"count":1446,"self":0.0046749999999999995,"total":0.0046749999999999995,"children":null},"RequestDecision":{"count":1446,"self":0.0079659999999999991,"total":0.0079659999999999991,"children":null}}},"DecideAction":{"count":14453,"self":1.253304,"total":1.253304,"children":null},"AgentAct":{"count":14453,"self":0.028487,"total":0.028487,"children":null}},"gauges":{},"metadata":{"timer_format_version":"0.1.0","start_time_seconds":"1650285561","unity_version":"2020.3.29f1","command_line_arguments":"\/home\/danimp94\/Unity\/Hub\/Editor\/2020.3.29f1\/Editor\/Unity -projectpath \/home\/danimp94\/P8_duaro\/Unity_env -useHub -hubIPC -cloudEnvironment production -licensingIpc LicenseClient-danimp94 -hubSessionId bcaee610-bef0-11ec-a3b2-878fc7cb1113 -accessToken hdCSHltVurS4eHRw2p7kx_7sdmSrV8olR7xsIULWTP8005f","communication_protocol_version":"1.5.0","com.unity.ml-agents_version":"2.0.1","scene_name":"SampleScene","end_time_seconds":"1650285851"}}