{"count":1,"self":20.845504,"total":20.901061,"children":{"InitializeActuators":{"count":1,"self":0.0019149999999999998,"total":0.0019149999999999998,"children":null},"InitializeSensors":{"count":1,"self":0.0013959999999999999,"total":0.0013959999999999999,"children":null},"AgentSendState":{"count":515,"self":0.0062829999999999995,"total":0.008845,"children":{"CollectObservations":{"count":52,"self":0.00063899999999999992,"total":0.00063899999999999992,"children":null},"WriteActionMask":{"count":52,"self":0.000446,"total":0.000446,"children":null},"RequestDecision":{"count":52,"self":0.001477,"total":0.001477,"children":null}}},"DecideAction":{"count":515,"self":0.041929999999999995,"total":0.041929999999999995,"children":null},"AgentAct":{"count":515,"self":0.0014399999999999999,"total":0.0014399999999999999,"children":null}},"gauges":{},"metadata":{"timer_format_version":"0.1.0","start_time_seconds":"1649859221","unity_version":"2020.3.29f1","command_line_arguments":"\/home\/danimp94\/Unity\/Hub\/Editor\/2020.3.29f1\/Editor\/Unity -projectpath \/home\/danimp94\/P8_duaro\/Unity_env -useHub -hubIPC -cloudEnvironment production -licensingIpc LicenseClient-danimp94 -hubSessionId 85faa8e0-bb1f-11ec-81b4-81a80a9a2b89 -accessToken 8V0sIbFDQUZbKr9LKZbaDrS3npUlkPDnrVYOEtF5pRw005f","communication_protocol_version":"1.5.0","com.unity.ml-agents_version":"2.0.1","scene_name":"SampleScene","end_time_seconds":"1649859242"}}