{
    "name": "root",
    "gauges": {
        "DuaroAgent.Policy.Entropy.mean": {
            "value": 1.411637306213379,
            "min": 1.411637306213379,
            "max": 1.4161614179611206,
            "count": 2
        },
        "DuaroAgent.Policy.Entropy.sum": {
            "value": 14116.373046875,
            "min": 14116.373046875,
            "max": 14161.6142578125,
            "count": 2
        },
        "DuaroAgent.Environment.EpisodeLength.mean": {
            "value": 0.0,
            "min": 0.0,
            "max": 0.0018032458425165298,
            "count": 2
        },
        "DuaroAgent.Environment.EpisodeLength.sum": {
            "value": 0.0,
            "min": 0.0,
            "max": 18.0,
            "count": 2
        },
        "DuaroAgent.Step.mean": {
            "value": 19999.0,
            "min": 9999.0,
            "max": 19999.0,
            "count": 2
        },
        "DuaroAgent.Step.sum": {
            "value": 19999.0,
            "min": 9999.0,
            "max": 19999.0,
            "count": 2
        },
        "DuaroAgent.Policy.ExtrinsicValueEstimate.mean": {
            "value": -0.02813408151268959,
            "min": -0.07751468569040298,
            "max": -0.02813408151268959,
            "count": 2
        },
        "DuaroAgent.Policy.ExtrinsicValueEstimate.sum": {
            "value": -281.3408203125,
            "min": -773.674072265625,
            "max": -281.3408203125,
            "count": 2
        },
        "DuaroAgent.Environment.CumulativeReward.mean": {
            "value": -0.0416,
            "min": -0.0416,
            "max": -0.03206091573990582,
            "count": 2
        },
        "DuaroAgent.Environment.CumulativeReward.sum": {
            "value": -416.0,
            "min": -416.0,
            "max": -320.0,
            "count": 2
        },
        "DuaroAgent.Policy.ExtrinsicReward.mean": {
            "value": -0.0416,
            "min": -0.0416,
            "max": -0.03206091573990582,
            "count": 2
        },
        "DuaroAgent.Policy.ExtrinsicReward.sum": {
            "value": -416.0,
            "min": -416.0,
            "max": -320.0,
            "count": 2
        },
        "DuaroAgent.Losses.PolicyLoss.mean": {
            "value": 0.2483743325406916,
            "min": 0.24540147334729598,
            "max": 0.2483743325406916,
            "count": 2
        },
        "DuaroAgent.Losses.PolicyLoss.sum": {
            "value": 2.483743325406916,
            "min": 2.208613260125664,
            "max": 2.483743325406916,
            "count": 2
        },
        "DuaroAgent.Losses.ValueLoss.mean": {
            "value": 0.11248551615187899,
            "min": 0.11248551615187899,
            "max": 0.12058717920953953,
            "count": 2
        },
        "DuaroAgent.Losses.ValueLoss.sum": {
            "value": 1.1248551615187898,
            "min": 1.0852846128858558,
            "max": 1.1248551615187898,
            "count": 2
        },
        "DuaroAgent.Policy.LearningRate.mean": {
            "value": 0.00029129130290290003,
            "min": 0.00029129130290290003,
            "max": 0.00029699700100099997,
            "count": 2
        },
        "DuaroAgent.Policy.LearningRate.sum": {
            "value": 0.002912913029029,
            "min": 0.0026729730090089996,
            "max": 0.002912913029029,
            "count": 2
        },
        "DuaroAgent.Policy.Epsilon.mean": {
            "value": 0.1970971,
            "min": 0.1970971,
            "max": 0.19899900000000004,
            "count": 2
        },
        "DuaroAgent.Policy.Epsilon.sum": {
            "value": 1.970971,
            "min": 1.7909910000000002,
            "max": 1.970971,
            "count": 2
        },
        "DuaroAgent.Policy.Beta.mean": {
            "value": 0.0005000000000000002,
            "min": 0.0005000000000000001,
            "max": 0.0005000000000000002,
            "count": 2
        },
        "DuaroAgent.Policy.Beta.sum": {
            "value": 0.005000000000000002,
            "min": 0.004500000000000001,
            "max": 0.005000000000000002,
            "count": 2
        },
        "DuaroAgent.IsTraining.mean": {
            "value": 1.0,
            "min": 1.0,
            "max": 1.0,
            "count": 2
        },
        "DuaroAgent.IsTraining.sum": {
            "value": 1.0,
            "min": 1.0,
            "max": 1.0,
            "count": 2
        }
    },
    "metadata": {
        "timer_format_version": "0.1.0",
        "start_time_seconds": "1649682804",
        "python_version": "3.7.11 (default, Jul 27 2021, 14:32:16) \n[GCC 7.5.0]",
        "command_line_arguments": "/home/danimp94/miniconda3/envs/unity-rl/bin/mlagents-learn config/duaro-test-ppo.yaml --run-id=test80",
        "mlagents_version": "0.28.0",
        "mlagents_envs_version": "0.28.0",
        "communication_protocol_version": "1.5.0",
        "pytorch_version": "1.8.1+cu102",
        "numpy_version": "1.20.3",
        "end_time_seconds": "1649683653"
    },
    "total": 849.5536198050031,
    "count": 1,
    "self": 0.0040559980043326505,
    "children": {
        "run_training.setup": {
            "total": 0.03316871499919216,
            "count": 1,
            "self": 0.03316871499919216
        },
        "TrainerController.start_learning": {
            "total": 849.5163950919996,
            "count": 1,
            "self": 1.1250070612659329,
            "children": {
                "TrainerController._reset_env": {
                    "total": 7.564663838002161,
                    "count": 1,
                    "self": 7.564663838002161
                },
                "TrainerController.advance": {
                    "total": 840.7578582377319,
                    "count": 48040,
                    "self": 1.042181196185993,
                    "children": {
                        "env_step": {
                            "total": 743.1198019874537,
                            "count": 48040,
                            "self": 716.4584385135531,
                            "children": {
                                "SubprocessEnvManager._take_step": {
                                    "total": 26.043145490668394,
                                    "count": 48040,
                                    "self": 1.9446729581759428,
                                    "children": {
                                        "TorchPolicy.evaluate": {
                                            "total": 24.09847253249245,
                                            "count": 24029,
                                            "self": 7.557088517714874,
                                            "children": {
                                                "TorchPolicy.sample_actions": {
                                                    "total": 16.541384014777577,
                                                    "count": 24029,
                                                    "self": 16.541384014777577
                                                }
                                            }
                                        }
                                    }
                                },
                                "workers": {
                                    "total": 0.6182179832321708,
                                    "count": 48039,
                                    "self": 0.0,
                                    "children": {
                                        "worker_root": {
                                            "total": 787.3551926772016,
                                            "count": 48039,
                                            "is_parallel": true,
                                            "self": 175.685772367553,